,input,output
0,0.43381179545408854,0.462
1,0.13478842762042642,0.386
2,0.14773352860711697,0.403
3,0.2692438667846352,0.413
4,0.03854917065463681,0.353
5,0.7314874872684138,0.62
6,0.180084578501159,0.369
7,0.12387881860586747,0.371
8,0.6016242878471129,0.551
9,0.06482445265327264,0.362
10,0.23846874936306384,0.407
11,0.9072687621780489,0.677
12,0.9522605227852666,0.673
13,0.28504937117398954,0.425
14,0.7218823488136716,0.615
15,0.7981244672154463,0.644
16,0.8197790261776148,0.648
17,0.03668939883342526,0.335
18,0.36503311764898105,0.439
19,0.7209651920390338,0.594
20,0.1398739950739627,0.364
21,0.5817356193542899,0.513
22,0.2956081077036644,0.44
23,0.3210967214260685,0.453
24,0.5556480870789254,0.502
25,0.8286008390463543,0.641
26,0.9351699355953474,0.693
27,0.8218583411100536,0.64
28,0.9094901791219947,0.68
29,0.795082998950692,0.637
30,0.36282433480896625,0.449
31,0.7935408769561495,0.641
32,0.2760932701230673,0.433
33,0.08011345779886403,0.347
34,0.44957607978815695,0.475
35,0.1102019765373684,0.355
36,0.3221573440793012,0.449
37,0.4888473926641851,0.477
38,0.4283649452359469,0.455
39,0.6706254891811543,0.583
40,0.6182890149289221,0.578
41,0.7182910004314103,0.593
42,0.12100625143943655,0.359
43,0.8445864950469879,0.662
44,0.4200219101053344,0.447
45,0.6631381367350496,0.594
46,0.07212529016139979,0.367
47,0.7213438109465029,0.609
48,0.34855896972236344,0.42
49,0.3622166654121638,0.448
50,0.8591939311228063,0.647
51,0.467514806021753,0.499
52,0.3429951739923347,0.458
53,0.8771752940853015,0.665
54,0.010894646858575663,0.351
55,0.4910142206330733,0.506
56,0.26624933830689645,0.401
57,0.7204093009650262,0.614
58,0.6613899340736192,0.582
59,0.3458415759447795,0.439
60,0.5124517118733132,0.526
61,0.33890190141951915,0.436
62,0.35845889516970175,0.438
63,0.7500942814377866,0.626
64,0.0960612720936399,0.348
65,0.19969262244701702,0.392
66,0.1973450698867587,0.355
67,0.22749989082739508,0.384
68,0.3333216414999052,0.412
69,0.2259097850484456,0.374
70,0.15983648355252378,0.365
71,0.535495501126255,0.506
72,0.5382039444970189,0.509
73,0.9954129843750871,0.747
74,0.4342429694964731,0.461
75,0.6392125500550585,0.563
76,0.06556906600716816,0.323
77,0.8075030575867215,0.674
78,0.8840631653106398,0.652
79,0.6324885465761849,0.569
80,0.7600775745500475,0.619
81,0.9109054490511516,0.676
82,0.8136851521884736,0.602
83,0.8166146569760354,0.656
84,0.4710994645080273,0.489
85,0.2394701538764874,0.389
86,0.7439873755435844,0.603
87,0.12089341458172287,0.341
88,0.3612533448106171,0.43
89,0.06970625088693494,0.343
90,0.8872597790033196,0.674
91,0.4792519221495808,0.452
92,0.4824524637349329,0.494
93,0.5469160776896494,0.51
94,0.4361983884855879,0.452
95,0.17627098357771587,0.353
96,0.6415374756379558,0.581
97,0.6872420857321205,0.627
98,0.29718875017738966,0.431
99,0.5538081274428782,0.531
100,0.17930790471164482,0.365
101,0.6499085464675824,0.564
102,0.9898023019609302,0.717
103,0.5854953935545033,0.526
104,0.576088901550175,0.532
105,0.15768405829808219,0.364
106,0.12167879916712909,0.378
107,0.023439933686336456,0.34
108,0.09267979156087058,0.344
109,0.0378435494367968,0.358
110,0.7484021701775698,0.609
111,0.08217180766954724,0.332
112,0.9329979071594829,0.687
113,0.05786768593611591,0.343
114,0.36288451092908103,0.448
115,0.5171074146141674,0.497
116,0.4331785625803609,0.464
117,0.7606772742907489,0.637
118,0.47617521414376274,0.497
119,0.48034873962549385,0.507
120,0.6442094506563713,0.591
121,0.6974460600866149,0.587
122,0.38632594984700763,0.459
123,0.0676908858681563,0.326
124,0.8016402327482326,0.609
125,0.5325468336996597,0.523
126,0.6603076656282814,0.567
127,0.22462521402892766,0.392
128,0.22962854866541849,0.392
129,0.036022097432445443,0.351
130,0.9035951141384395,0.672
131,0.4559370976111974,0.47
132,0.07252557276708205,0.362
133,0.30442787491235057,0.428
134,0.2998441565424286,0.4
135,0.31146689151520446,0.42
136,0.9639135937429809,0.719
137,0.09733580361265626,0.357
138,0.6037334586333886,0.556
139,0.6135433869011836,0.558
140,0.6750433837098752,0.561
141,0.9968717411132988,0.729
142,0.9838362872344029,0.721
143,0.03972294165887713,0.33
144,0.1014159010700042,0.363
145,0.5035387745293228,0.489
146,0.8354472817289406,0.666
147,0.05687725476524741,0.347
148,0.7319223037506449,0.62
149,0.3229868867906498,0.466
150,0.016187472667214542,0.318
151,0.630593537328534,0.554
152,0.10660156807227672,0.363
153,0.8531544695793664,0.658
154,0.6483832529700021,0.578
155,0.06912349699951725,0.35
156,0.32480739179577467,0.433
157,0.7322381240932081,0.619
158,0.8491657955809544,0.648
159,0.8650141861699484,0.68
160,0.8294088161421953,0.662
161,0.3608779507997457,0.453
162,0.6595105327274623,0.571
163,0.8657071346629549,0.655
164,0.5366561697228467,0.524
165,0.9381181208818539,0.674
166,0.6754094155952678,0.614
167,0.8784091687675805,0.641
168,0.41564487591315924,0.465
169,0.7530202536659057,0.621
170,0.8347093114662355,0.66
171,0.8662504299523395,0.697
172,0.16146291409450075,0.369
173,0.35561261875026995,0.455
174,0.36378743323586926,0.431
175,0.16239634327104213,0.36
176,0.1638749937200641,0.416
177,0.6628071330196562,0.568
178,0.8856238277936443,0.648
179,0.7499563201049474,0.594
180,0.34191839482746167,0.421
181,0.8552750712778308,0.639
182,0.8103101418884752,0.637
183,0.10277982416504561,0.35
184,0.5668025089736819,0.532
185,0.660578254307804,0.569
186,0.3369118643876938,0.438
187,0.5494702260216006,0.536
188,0.4377355177972144,0.461
189,0.9421543518692546,0.669
190,0.2717069785444399,0.398
191,0.9110916058397982,0.697
192,0.45790911426797176,0.453
193,0.26526710000721676,0.415
194,0.7716004490566023,0.59
195,0.23922482698632697,0.412
196,0.2714903168634272,0.417
197,0.3580317918585104,0.445
198,0.8939644614569616,0.654
199,0.10182119984165183,0.359
200,0.43775287452887546,0.491
201,0.7329142727468526,0.605
202,0.6943346954707323,0.605
203,0.9094341644184173,0.665
204,0.050805073193506245,0.324
205,0.6705921481637072,0.602
206,0.8803478882212968,0.665
207,0.9599286059866021,0.663
208,0.6081299434065154,0.553
209,0.8630969377202692,0.636
210,0.5181240588231564,0.493
211,0.17288990087941714,0.386
212,0.08044106534113904,0.374
213,0.453883330686364,0.462
214,0.8667634245977119,0.669
215,0.5145654704475626,0.528
216,0.9210795419324554,0.662
217,0.819134320396024,0.64
218,0.6387521001018842,0.529
219,0.2704215329351469,0.408
220,0.5149515003592644,0.522
221,0.7024516473344063,0.628
222,0.4775747519564906,0.48
223,0.02351904761681811,0.326
224,0.7989382429681631,0.647
225,0.2825791742977256,0.415
226,0.7707384027722889,0.645
227,0.6719427270725539,0.576
228,0.9714501586161098,0.735
229,0.1746635138262025,0.372
230,0.4662445267008172,0.488
231,0.6271865153579363,0.571
232,0.05745614952888545,0.383
233,0.9524127002690697,0.678
234,0.27628629323376774,0.404
235,0.4182563177030736,0.437
236,0.05637015310526461,0.362
237,0.8656269860524362,0.651
238,0.502839959840251,0.507
239,0.6685877869516439,0.591
240,0.49478094124921523,0.484
241,0.354171162876589,0.454
242,0.11366886797658426,0.395
243,0.1242325477417805,0.345
244,0.27658793380681923,0.401
245,0.060402266075934685,0.351
246,0.3998057949367231,0.451
247,0.45061071492599813,0.462
248,0.9326954720802336,0.706
249,0.54648063241692,0.53
250,0.38007592605646623,0.465
251,0.978474767733227,0.723
252,0.24196350895919538,0.41
253,0.10766210319678104,0.35
254,0.34838426021768587,0.433
255,0.5372278233771107,0.516
256,0.07897371609926629,0.356
257,0.8911891630554182,0.665
258,0.3161105244300564,0.41
259,0.9542981303631778,0.692
260,0.21624899212224657,0.378
261,0.22711107165910982,0.406
262,0.3249417161358763,0.424
263,0.7843649495257349,0.621
264,0.789569297777174,0.646
265,0.9090038466160303,0.669
266,0.9975323389266594,0.755
267,0.6000145115935093,0.558
268,0.49749265563047274,0.498
269,0.8550313243416444,0.649
270,0.45256479793574467,0.475
271,0.2089745838080811,0.362
272,0.11387018642831104,0.365
273,0.32740089143021633,0.412
274,0.7832125185376876,0.645
275,0.4734226217897378,0.483
276,0.3880379239959417,0.438
277,0.5495983427383069,0.545
278,0.7865865083024871,0.639
279,0.22376684676584857,0.404
280,0.8715503424553641,0.652
281,0.18578874966176395,0.395
282,0.8185499662682428,0.64
283,0.45090225295927344,0.48
284,0.5491164177428051,0.518
285,0.987186603245872,0.712
286,0.49072344295542714,0.527
287,0.39237351710053037,0.446
288,0.7272433608164438,0.626
289,0.7826281643164956,0.641
290,0.058597354250946476,0.34
291,0.9971941954280162,0.746
292,0.7247542207037379,0.616
293,0.12198161602104085,0.369
294,0.11682244885170234,0.371
295,0.03976353731308402,0.365
296,0.1705987573503278,0.351
297,0.8890269059435287,0.654
298,0.11656787742671093,0.371
299,0.12750186915033968,0.359
300,0.04162229077680213,0.371
301,0.5696879122686251,0.548
302,0.192975712157601,0.361
303,0.7897577928563735,0.632
304,0.005711564789340651,0.349
305,0.4538827384153631,0.49
306,0.4282834420165621,0.462
307,0.1130061592878645,0.364
308,0.30747082298519424,0.417
309,0.7754533212949358,0.628
310,0.019206969899615234,0.351
311,0.6936196833901688,0.592
312,0.030234950872759736,0.344
313,0.16230607695802668,0.341
314,0.2993023317749851,0.432
315,0.3658257180701945,0.438
316,0.9287317382634822,0.673
317,0.6534350968090317,0.576
318,0.2181314329899876,0.403
319,0.3253535823900302,0.43
320,0.03042281860797824,0.373
321,0.24400242577741138,0.399
322,0.24996529807118362,0.387
323,0.8723797023244102,0.656
324,0.19215062892690338,0.39
325,0.21673494227405232,0.396
326,0.8866488084776114,0.687
327,0.18547455136048419,0.396
328,0.6125782969824963,0.511
329,0.9470393975066804,0.697
330,0.6998165609505026,0.583
331,0.1360269815671853,0.397
332,0.31854115980152675,0.438
333,0.05773373891905642,0.342
334,0.9639531712451647,0.705
335,0.35356009821814405,0.458
336,0.14472944012422861,0.362
337,0.8825664169231532,0.664
338,0.8177446695398789,0.659
339,0.6508025291892965,0.566
340,0.16465672283305566,0.378
341,0.10996362102146384,0.376
342,0.22074672899643388,0.385
343,0.53732785524182,0.496
344,0.07507885074234544,0.361
345,0.5783301988318672,0.547
346,0.3127684283915737,0.406
347,0.552183755848696,0.498
348,0.4259256557287219,0.466
349,0.06616147144050089,0.362
350,0.2752909451097,0.398
351,0.10967509745152593,0.365
352,0.64221664976033,0.564
353,0.5694628414705203,0.529
354,0.23505680890256564,0.428
355,0.9426787235894336,0.689
356,0.08539593954768254,0.35
357,0.6323740048468726,0.553
358,0.9921917272215988,0.719
359,0.8714253610993051,0.667
360,0.35464388257593216,0.426
361,0.7848510441196966,0.638
362,0.10240227669408042,0.4
363,0.6104728888654616,0.548
364,0.4103301004830263,0.444
365,0.4587890235744786,0.476
366,0.10300034077943354,0.345
367,0.017863711929806958,0.362
368,0.5981319802902443,0.541
369,0.6911963542831226,0.604
370,0.07372863098911397,0.368
371,0.44159265120891134,0.489
372,0.20102635493159093,0.372
373,0.9303071873493743,0.673
374,0.2738037004702766,0.399
375,0.7695670662510641,0.636
376,0.9900270010445297,0.733
377,0.6918747560253641,0.578
378,0.2568051432964631,0.384
379,0.027447720561651345,0.327
380,0.07272511343447396,0.343
381,0.8645175929252317,0.641
382,0.8588549354782202,0.672
383,0.9295398381711,0.701
384,0.7335524415551944,0.589
385,0.9347336397254843,0.703
386,0.7068822856088577,0.601
387,0.7647643168738852,0.642
388,0.053647709832336465,0.336
389,0.7136408979935482,0.621
390,0.566116437174046,0.568
391,0.6419115431058491,0.576
392,0.31328210908590703,0.46
393,0.8419244184397531,0.678
394,0.36656135894588937,0.439
395,0.21732870943217253,0.399
396,0.6573971452652541,0.576
397,0.32432288676083065,0.433
398,0.5056140601210087,0.498
399,0.1902540776454269,0.374
400,0.6444491891015475,0.561
401,0.47311910349410247,0.465
402,0.6395125917093927,0.56
403,0.46193437432347484,0.488
404,0.4741233065410997,0.499
405,0.9444540708028261,0.697
406,0.9905123946353381,0.708
407,0.5108622412557614,0.505
408,0.9169334219854064,0.665
409,0.46025530120779334,0.482
410,0.30539622782841547,0.439
411,0.3389716588193348,0.417
412,0.8421713653138191,0.662
413,0.5437541840914504,0.494
414,0.7333240099930005,0.596
415,0.6635015942221024,0.575
416,0.6614016937100008,0.584
417,0.5553226636138278,0.522
418,0.18494937997138083,0.355
419,0.7238723604929519,0.606
420,0.8749941790051398,0.67
421,0.16814337617344655,0.369
422,0.009429215745605846,0.331
423,0.3340602418930868,0.435
424,0.19178524519911433,0.38
425,0.38613936484234845,0.474
426,0.2366753854671788,0.435
427,0.1827285419685507,0.383
428,0.9972268066643162,0.736
429,0.6030317450642827,0.563
430,0.2601901554864534,0.447
431,0.23594222497958572,0.385
432,0.8573587489375099,0.654
433,0.3375181115807998,0.426
434,0.26574482437468006,0.384
435,0.48988555549036994,0.5
436,0.5828570030077331,0.538
437,0.8370646892584411,0.614
438,0.3841099557938671,0.441
439,0.7009671413683631,0.605
440,0.3079867066770521,0.404
441,0.7969147507851123,0.648
442,0.792966625820435,0.66
443,0.1436742211915054,0.373
444,0.8279711801327109,0.649
445,0.4172392730564307,0.465
446,0.059273935366448094,0.339
447,0.007106724819600618,0.309
448,0.9633957232696062,0.718
449,0.4389252797427643,0.479
450,0.7890365627494654,0.632
451,0.8041259971057456,0.666
452,0.02533932885795942,0.34
453,0.02284915101051166,0.329
454,0.20816950442790705,0.388
455,0.47954315699350814,0.497
456,0.34526397900193984,0.409
457,0.010878773974847933,0.327
458,0.11617133868702278,0.356
459,0.7024301566096908,0.584
460,0.168979698671758,0.378
461,0.35158217467229624,0.433
462,0.7671691360255839,0.629
463,0.16856180496258621,0.374
464,0.4117660301745171,0.444
465,0.7844452436588268,0.646
466,0.7412065858867476,0.623
467,0.9885170829397348,0.725
468,0.5684242634446366,0.517
469,0.39962102054372617,0.44
470,0.6623341831670344,0.569
471,0.7007247451943952,0.584
472,0.8828253115991058,0.685
473,0.34511769148104143,0.439
474,0.02326347808907636,0.357
475,0.2604306315142729,0.396
476,0.46001070107532893,0.445
477,0.7251090724382001,0.624
478,0.8942848478139159,0.657
479,0.062172939098717794,0.348
480,0.8026519570206618,0.64
481,0.8272984632978465,0.649
482,0.7245104741306229,0.62
483,0.7532646483119779,0.628
484,0.35633945036715187,0.448
485,0.34794956854458614,0.448
486,0.07730711970974558,0.337
487,0.49400886700550384,0.492
488,0.3731420175668726,0.45
489,0.9849739043573223,0.714
490,0.9148669790890751,0.68
491,0.44763715986658403,0.506
492,0.1066287728804467,0.372
493,0.3519648015604272,0.444
494,0.21685893694579816,0.379
495,0.010200250601646754,0.349
496,0.8882197398811107,0.653
497,5.345102090092979e-05,0.354
498,0.12569738111018525,0.366
499,0.1249639540743328,0.362
500,0.995003755336106,0.715
501,0.24480400848392236,0.394
502,0.24358480608786603,0.385
503,0.8196182865965137,0.66
504,0.7352507032891574,0.617
505,0.462609803494204,0.484
506,0.8497661288454286,0.662
507,0.287415938565593,0.425
508,0.31176099206983166,0.391
509,0.4855131277189695,0.498
510,0.3299241020232858,0.429
511,0.3060409382512369,0.426
512,0.847046846939427,0.666
513,0.9203711523545968,0.665
514,0.17302390348134922,0.387
515,0.9194143751412982,0.675
516,0.042929176206490616,0.322
517,0.022635736252838767,0.367
518,0.33057444896550403,0.449
519,0.5026667577693175,0.487
520,0.9999760132899238,0.725
521,0.5740346141121541,0.551
522,0.1351846888604592,0.378
523,0.3863682778698262,0.45
524,0.8955673095988826,0.646
525,0.7363385958521373,0.611
526,0.5672991360158773,0.532
527,0.037580531718933496,0.344
528,0.6492731197186248,0.589
529,0.15552030322127341,0.4
530,0.5870529423978283,0.551
531,0.8102536028317311,0.646
532,0.5114723394630177,0.501
533,0.8671512747024093,0.677
534,0.21321176899485617,0.375
535,0.34802940801165483,0.426
536,0.5278142720215803,0.514
537,0.4466291017260986,0.467
538,0.9849357900404307,0.747
539,0.9907381240170973,0.732
540,0.5600074288595122,0.522
541,0.18921475000065702,0.377
542,0.7624534956656418,0.606
543,0.4571160798065055,0.501
544,0.1326795696977895,0.354
545,0.4146673464724562,0.497
546,0.4576683996011992,0.469
547,0.7738761822871225,0.617
548,0.37499229906808407,0.466
549,0.7498818117546816,0.632
550,0.2270820356687826,0.416
551,0.16225111764363065,0.371
552,0.6010473327246659,0.559
553,0.6772745859869317,0.609
554,0.1090463169881718,0.372
555,0.0877547403396437,0.372
556,0.5978091697036704,0.509
557,0.25033816479977855,0.388
558,0.4012190235738571,0.454
559,0.04517124822995544,0.322
560,0.14909085253019294,0.329
561,0.03474425776355683,0.354
562,0.6874605155598101,0.588
563,0.5184224097272039,0.519
564,0.16012271980573345,0.354
565,0.9275933983709386,0.656
566,0.7541669677560687,0.641
567,0.7882756031729494,0.655
568,0.5493974250102643,0.546
569,0.4240260977343815,0.45
570,0.78953608569172,0.632
571,0.8955551448139948,0.674
572,0.6275877256605468,0.573
573,0.17292226980143188,0.378
574,0.18367248467230135,0.392
575,0.4373859754775471,0.493
576,0.018631603161876287,0.346
577,0.7076502455054994,0.596
578,0.40900874803438136,0.412
579,0.49412940012207096,0.491
580,0.1254962464260455,0.356
581,0.6413797875955445,0.575
582,0.7258993006056628,0.606
583,0.9479937133954408,0.699
584,0.4100574609185875,0.461
585,0.5208541864077467,0.527
586,0.7786499697083148,0.621
587,0.007220295458133963,0.332
588,0.6767397742206626,0.565
589,0.05005743193397749,0.338
590,0.12778024923476217,0.358
591,0.3477289857236706,0.434
592,0.24929743471482269,0.408
593,0.6133601166538816,0.575
594,0.07426316492673801,0.353
595,0.3218848713629022,0.41
596,0.8114564969270543,0.628
597,0.9401878690960264,0.703
598,0.012186651977720508,0.329
599,0.23321401302961453,0.409
600,0.9638760970989056,0.707
601,0.7996576065620878,0.65
602,0.20079646584729172,0.375
603,0.08156397814706962,0.354
604,0.9075275973468067,0.648
605,0.8711191304796618,0.636
606,0.8909620622094697,0.675
607,0.537521762261696,0.503
608,0.4978755302862745,0.476
609,0.35063644874851296,0.458
610,0.19926391536813592,0.391
611,0.232289324294098,0.394
612,0.21202658028863286,0.407
613,0.8840190938479586,0.656
614,0.40927998645905384,0.449
615,0.4601019214867792,0.502
616,0.4948952873976554,0.475
617,0.44203203342366437,0.506
618,0.22793259099138408,0.387
619,0.9490672433014673,0.698
620,0.7204177124957585,0.599
621,0.8108794418827607,0.639
622,0.38284132044744623,0.416
623,0.33414908482576666,0.412
624,0.19022142747290494,0.369
625,0.21932050499783562,0.415
626,0.8536777374096312,0.66
627,0.25426738446000685,0.397
628,0.8806894710890473,0.645
629,0.5670281432729147,0.522
630,0.5859846241460058,0.555
631,0.10401471400393403,0.35
632,0.3742905963014703,0.435
633,0.882749644812582,0.65
634,0.5997961398342643,0.541
635,0.024679050215692833,0.333
636,0.2577283686745945,0.402
637,0.014323229493505951,0.335
638,0.735257681573252,0.6
639,0.3556772503772022,0.429
640,0.13685762238211074,0.391
641,0.5360023162543535,0.513
642,0.1163492275264143,0.379
643,0.8973844113946365,0.681
644,0.7994274370014426,0.663
645,0.6270530647650089,0.575
646,0.04940487616736167,0.366
647,0.9203413449541309,0.677
648,0.09527562726828409,0.345
649,0.5778902856146787,0.562
650,0.4673955167793781,0.488
651,0.7539321486179883,0.631
652,0.6749664805998611,0.594
653,0.3509450706199376,0.438
654,0.1526119079334436,0.382
655,0.3871747814936458,0.432
656,0.19627312299390687,0.391
657,0.5246002271405863,0.521
658,0.4239835608815474,0.483
659,0.3403444018700791,0.447
660,0.10938443480084936,0.363
661,0.32935108200158647,0.452
662,0.1382084489576758,0.373
663,0.8488061702044131,0.655
664,0.016454024084835206,0.352
665,0.9017822980178027,0.686
666,0.1611523159001056,0.383
667,0.653582063895145,0.593
668,0.11027018783568876,0.361
669,0.8577688368535006,0.643
670,0.8997011398720401,0.67
671,0.5775783884846792,0.519
672,0.31085078781655384,0.408
673,0.3121928769403306,0.452
674,0.2783339875615919,0.417
675,0.2126054382920345,0.416
676,0.35046132002427255,0.432
677,0.8084219009499529,0.664
678,0.3227196368350892,0.451
679,0.6467418758334987,0.578
680,0.5865771290860202,0.562
681,0.7778065969105361,0.632
682,0.3117035107746231,0.401
683,0.8846361923263149,0.669
684,0.16053735114723078,0.378
685,0.04181822341475938,0.316
686,0.37227361741406984,0.457
687,0.9519911846465827,0.689
688,0.35004530845729054,0.432
689,0.26448510696939553,0.393
690,0.9744719179424968,0.704
691,0.6537622722951445,0.6
692,0.05338060788274024,0.371
693,0.9772184934840469,0.719
694,0.982551566542612,0.728
695,0.7240581690111985,0.619
696,0.8217459141468757,0.634
697,0.13009952671383673,0.369
698,0.0337564207435016,0.346
699,0.521531223374239,0.488
700,0.1176233628553437,0.38
701,0.27588092950295107,0.388
702,0.5809721881030453,0.539
703,0.47535879597399167,0.487
704,0.6689094726689159,0.561
705,0.3306742826567284,0.417
706,0.4355611743640383,0.494
707,0.37921593202473136,0.456
708,0.8357881449841098,0.656
709,0.8618380498724624,0.659
710,0.4918815154844184,0.517
711,0.26094883898256027,0.42
712,0.8189104984763244,0.64
713,0.7083597921476942,0.576
714,0.31104689763916715,0.425
715,0.7869458014050611,0.647
716,0.9321306220626664,0.679
717,0.875340151042695,0.676
718,0.9470202254592998,0.7
719,0.012305567258760974,0.338
720,0.6385036945013143,0.538
721,0.6194780078104091,0.584
722,0.5003017900256006,0.506
723,0.7949962557173417,0.643
724,0.46984985361060283,0.473
725,0.7611796601108436,0.651
726,0.8544542387857059,0.631
727,0.8061429445471946,0.65
728,0.3404100329314933,0.437
729,0.9429844589581979,0.714
730,0.36885814795903715,0.444
731,0.4600059688931052,0.476
732,0.9267301527649799,0.689
733,0.9595768533829282,0.687
734,0.5244444089869237,0.524
735,0.9294641173729938,0.68
736,0.6937789724227584,0.604
737,0.4878273318633607,0.493
738,0.4992941888158893,0.5
739,0.7868606120307866,0.612
740,0.5298694210930649,0.506
741,0.4945587605815175,0.512
742,0.9194442948748509,0.666
743,0.9603264129476841,0.725
744,0.8157561283667287,0.648
745,0.25180182224675374,0.395
746,0.2239442535467937,0.363
747,0.9144009385617883,0.681
748,0.7443439013341397,0.622
749,0.278515860659204,0.409
750,0.2718964831608026,0.416
751,0.8392000590693951,0.668
752,0.7448700390700109,0.631
753,0.47985363055818153,0.488
754,0.21981750563660551,0.396
755,0.42203830170711654,0.471
756,0.4258580080702814,0.457
757,0.6388303821622435,0.596
758,0.8595123359268566,0.667
759,0.787179207795835,0.642
760,0.5448576685955411,0.548
761,0.1173832630344177,0.362
762,0.6943983307041779,0.583
763,0.6157213259580588,0.549
764,0.9364986008771297,0.709
765,0.8902961080879878,0.654
766,0.8387604492387833,0.649
767,0.08605579556456844,0.374
768,0.8318353907045652,0.652
769,0.44468939316251155,0.457
770,0.03600300256548106,0.348
771,0.2554599771306354,0.385
772,0.04151437044564632,0.338
773,0.09856737776596314,0.337
774,0.5835315934518006,0.533
775,0.6437615017562638,0.578
776,0.10190578600710687,0.366
777,0.11807804314501436,0.381
778,0.13518613914479471,0.375
779,0.9645091139163153,0.676
780,0.004056637851211353,0.347
781,0.32693271743339547,0.422
782,0.7819753644195075,0.622
783,0.48057766252104683,0.507
784,0.3777307169006173,0.462
785,0.9444466421409909,0.678
786,0.09335529326494807,0.342
787,0.8369671985876905,0.667
788,0.8729926937520075,0.644
789,0.6241689100537068,0.55
790,0.48964222716157446,0.502
791,0.6459548338183981,0.58
792,0.6215666440838852,0.556
793,0.01930687980610979,0.343
794,0.05522819106385435,0.32
795,0.7372389173400298,0.619
796,0.18567206026405847,0.388
797,0.9614300190840132,0.698
798,0.11885473639701538,0.373
799,0.12030195264936572,0.349
800,0.6096686186514427,0.54
801,0.9108940352780468,0.661
802,0.03826254115952066,0.355
803,0.8562708554538407,0.628
804,0.11402345271532899,0.353
805,0.7865862639033157,0.633
806,0.5117951701883263,0.489
807,0.21642568836564713,0.398
808,0.6347658215852343,0.544
809,0.1571776181294865,0.373
810,0.8877097642668977,0.664
811,0.7577964117601526,0.63
812,0.8124422838591703,0.64
813,0.43360253963682804,0.488
814,0.057108023056693824,0.341
815,0.4273425527140966,0.458
816,0.9291084914071217,0.672
817,0.4357299923007226,0.477
818,0.34406199445660435,0.428
819,0.8400388129544781,0.679
820,0.9389131425193196,0.671
821,0.025833242996416317,0.344
822,0.9590010005180841,0.709
823,0.44996673824508227,0.483
824,0.6589431319744413,0.583
825,0.35973118661883796,0.45
826,0.858969939785896,0.65
827,0.5501319826844737,0.534
828,0.12880863076844395,0.374
829,0.6962053181268617,0.566
830,0.27762385920775556,0.412
831,0.3991328180802355,0.43
832,0.6951568086569172,0.589
833,0.8938243544023109,0.654
834,0.6445027864137625,0.58
835,0.4848088873042429,0.515
836,0.5599261631804504,0.536
837,0.7794002707737011,0.637
838,0.5846146530899508,0.543
839,0.2970042865245929,0.455
840,0.2667926359909646,0.393
841,0.37858651916528696,0.431
842,0.7138789991640837,0.604
843,0.5458583979245725,0.548
844,0.9387288753212688,0.671
845,0.6602706613411405,0.564
846,0.539135082844951,0.523
847,0.143516241414682,0.344
848,0.6688313622543405,0.589
849,0.02785350569839573,0.342
850,0.55780331278287,0.524
851,0.6484452625604809,0.58
852,0.5593975889764051,0.549
853,0.3149916183304262,0.403
854,0.10623459562949422,0.355
855,0.20262741070389556,0.409
856,0.36254118509389854,0.435
857,0.8050994322266377,0.626
858,0.5772703499753468,0.551
859,0.05166661192145994,0.337
860,0.9487086876787179,0.696
861,0.9732208046613534,0.729
862,0.2831402808108716,0.403
863,0.4340180926623173,0.464
864,0.6393043649599743,0.557
865,0.3494549027477267,0.426
866,0.9638172300185879,0.711
867,0.08399214947522948,0.346
868,0.9435552941014329,0.688
869,0.09554967479659437,0.37
870,0.18008973198049805,0.397
871,0.11467323465596879,0.365
872,0.9349343906189512,0.685
873,0.9586910686786541,0.704
874,0.2523271364314138,0.389
875,0.014858199627679092,0.366
876,0.030545807740195552,0.376
877,0.9678496622861111,0.689
878,0.28593043096262716,0.415
879,0.39428856988180694,0.46
880,0.29642023369516024,0.423
881,0.9225628953730398,0.634
882,0.9325055054547653,0.652
883,0.6570480861547069,0.548
884,0.409842391655834,0.468
885,0.272708643633068,0.408
886,0.598600412752071,0.565
887,0.7915484265554052,0.624
888,0.22996163378789214,0.412
889,0.6729517190177441,0.623
890,0.7152820424850195,0.595
891,0.3591710570642962,0.459
892,0.4328118614782296,0.477
893,0.5493157291230191,0.528
894,0.6591100799262908,0.567
895,0.7022042179328692,0.618
896,0.867012235367535,0.654
897,0.03175508755365419,0.326
898,0.9245746849829928,0.667
899,0.8285115500583847,0.653
900,0.557166661517203,0.544
901,0.5507809678700374,0.518
902,0.6753669541566056,0.572
903,0.6325205988252163,0.57
904,0.2577539991700425,0.394
905,0.31290856341704376,0.452
906,0.36112735099312554,0.44
907,0.7918519284437499,0.669
908,0.07687603406060273,0.324
909,0.8922177759330455,0.674
910,0.7479613354955482,0.642
911,0.4244276982950509,0.465
912,0.9372579544601236,0.671
913,0.7528111292121944,0.63
914,0.23580230760165155,0.383
915,0.7811696456844309,0.642
916,0.10011292851556208,0.351
917,0.6387012798302367,0.556
918,0.4269863080321553,0.45
919,0.10789161312064477,0.364
920,0.023491922571943213,0.338
921,0.6754745633262276,0.588
922,0.08381540453961733,0.338
923,0.7193185612960324,0.609
924,0.6707781019935277,0.595
925,0.28641344626154186,0.408
926,0.37330715327698116,0.453
927,0.4364103283405839,0.463
928,0.19215871935127649,0.397
929,0.02360639602422121,0.333
930,0.5782897965506401,0.522
931,0.4089563430761405,0.475
932,0.5826598917019505,0.547
933,0.27914484039466336,0.415
934,0.9192233124987969,0.655
935,0.7480955904374843,0.606
936,0.05017000162877838,0.333
937,0.43316858376084133,0.462
938,0.4325621024041104,0.466
939,0.6691757476275706,0.573
940,0.23142712649445818,0.396
941,0.6412082351442479,0.56
942,0.6571211754540329,0.573
943,0.993735429092773,0.719
944,0.013198918187402486,0.322
945,0.04931919020411213,0.351
946,0.8104248357897327,0.643
947,0.6654743390955746,0.58
948,0.34671125061030805,0.434
949,0.5118799430296045,0.478
950,0.37329362327934046,0.433
951,0.6454096727362159,0.606
952,0.7918391785028907,0.641
953,0.3609995174114804,0.405
954,0.8768348978780891,0.67
955,0.742444725333144,0.621
956,0.16198185281871313,0.387
957,0.5212231442822987,0.513
958,0.7939054434129286,0.637
959,0.8048300571362438,0.637
960,0.03956393405006253,0.364
961,0.8574006904933598,0.676
962,0.5328009502681313,0.501
963,0.6786586674312672,0.585
964,0.18975025976577697,0.365
965,0.7126536257422006,0.589
966,0.6871866023300959,0.544
967,0.4129816060829352,0.459
968,0.38347143139420703,0.45
969,0.5258754938303484,0.506
970,0.8594938872596818,0.654
971,0.4528283256943354,0.446
972,0.13365918196526527,0.358
973,0.3602216616382272,0.433
974,0.7366146809314039,0.614
975,0.871522108685717,0.68
976,0.5438027024957867,0.511
977,0.34556915698609036,0.444
978,0.586019160537425,0.521
979,0.005851899971446417,0.328
980,0.7717939932433275,0.651
981,0.5772185676164445,0.513
982,0.8008327555350592,0.651
983,0.6681570705396775,0.584
984,0.45231876405774574,0.504
985,0.39843692567063527,0.455
986,0.022946962773221613,0.32
987,0.9021873798326574,0.696
988,0.8142084990054844,0.66
989,0.11614859697264168,0.383
990,0.1044906368674815,0.381
991,0.7702180335001311,0.628
992,0.6399032431732927,0.549
993,0.6187195707205068,0.531
994,0.6201925698873318,0.531
995,0.2889407040325517,0.442
996,0.9310797384664897,0.673
997,0.08071228561339328,0.364
998,0.6630540906696452,0.575
999,0.1515609885317355,0.377
